{"name":"da547558-1ffd-4398-bdca-d9bc23a81779","id":"/providers/Microsoft.Flow/flows/da547558-1ffd-4398-bdca-d9bc23a81779","type":"Microsoft.Flow/flows","properties":{"apiId":"/providers/Microsoft.PowerApps/apis/shared_logicflows","displayName":"Export_Comments_Test_v3","definition":{"metadata":{"workflowEntityId":null,"processAdvisorMetadata":null,"flowChargedByPaygo":null,"flowclientsuspensionreason":"None","flowclientsuspensiontime":null,"flowclientsuspensionreasondetails":null,"creator":{"id":"3fc9131a-1c9e-44e5-b896-758d98038663","type":"User","tenantId":"af990433-4074-4be8-9643-b10782e034bd"},"provisioningMethod":"FromDefinition","failureAlertSubscription":true,"clientLastModifiedTime":"2024-08-16T01:31:51.4728674Z","connectionKeySavedTimeKey":"2024-08-16T01:31:51.4728674Z"},"$schema":"https://schema.management.azure.com/providers/Microsoft.Logic/schemas/2016-06-01/workflowdefinition.json#","contentVersion":"1.0.0.0","parameters":{"$authentication":{"defaultValue":{},"type":"SecureObject"},"$connections":{"defaultValue":{},"type":"Object"}},"triggers":{"manual":{"metadata":{"operationMetadataId":"31189ede-8aee-44c5-9434-91e46c1ff168"},"type":"Request","kind":"Button","inputs":{"schema":{"type":"object","properties":{},"required":[]}}}},"actions":{"Initialize_ItemComments_variable":{"runAfter":{},"metadata":{"operationMetadataId":"a9a0a9e1-3584-42db-9b0f-b837964a345d"},"type":"InitializeVariable","inputs":{"variables":[{"name":"ItemComments","type":"string"}]}},"Get_items":{"runAfter":{"Initialize_variable":["Succeeded"]},"metadata":{"operationMetadataId":"585ed036-55b9-4179-becb-d821937f738f"},"type":"OpenApiConnection","inputs":{"parameters":{"dataset":"@variables('SPSiteUrl')","table":"ExcelExport","$top":10},"host":{"apiId":"/providers/Microsoft.PowerApps/apis/shared_sharepointonline","connectionName":"shared_sharepointonline","operationId":"GetItems"},"authentication":{"value":"@json(decodeBase64(triggerOutputs().headers['X-MS-APIM-Tokens']))['$ConnectionKey']","type":"Raw"}}},"Loop_through_items_for_comments":{"foreach":"@outputs('Get_items')?['body/value']","actions":{"Compose_all_formatted_comments":{"runAfter":{"Do_until":["Succeeded"]},"metadata":{"operationMetadataId":"ae689f03-0ba6-4a6c-baed-12760d99fc2f"},"type":"Compose","inputs":"@variables('ItemComments')"},"Build_rows":{"runAfter":{"Compose_all_formatted_comments":["Succeeded"]},"metadata":{"operationMetadataId":"d1bd86b2-1e4b-44c6-82ab-c0ed2a2f16d6"},"type":"Select","inputs":{"from":"@array(item())","select":{"First Name":"@items('Loop_through_items_for_comments')?['FirstName']","Last Name":"@items('Loop_through_items_for_comments')?['LastName']","Department":"@items('Loop_through_items_for_comments')?['Title']","Comments":"@outputs('Compose_all_formatted_comments')"}},"description":"array(item())"},"Build_excel_array":{"foreach":"@body('Build_rows')","actions":{"Append_to_ExcelTableData_array_variable":{"metadata":{"operationMetadataId":"87e83993-4b57-43ca-b9cb-748584b0c876"},"type":"AppendToArrayVariable","inputs":{"name":"ExcelTableData","value":"@items('Build_excel_array')"}}},"runAfter":{"Build_rows":["Succeeded"]},"metadata":{"operationMetadataId":"0d5b8c00-950e-40a3-9f37-6628b43e4c00"},"type":"Foreach"},"Do_until":{"actions":{"REST_API_Call_to_fetch_comments":{"metadata":{"operationMetadataId":"54ba025e-183e-4b57-aedf-731d9f644967"},"type":"OpenApiConnection","inputs":{"parameters":{"dataset":"@variables('SPSiteUrl')","parameters/method":"GET","parameters/uri":"@replace(variables('NextCommentsAPI'),variables('SPSiteUrl'),'')","parameters/headers":{"accept":"application/json;odata=verbose","content-type":"application/json;odata=verbose"}},"host":{"apiId":"/providers/Microsoft.PowerApps/apis/shared_sharepointonline","connectionName":"shared_sharepointonline","operationId":"HttpRequest"},"authentication":{"value":"@json(decodeBase64(triggerOutputs().headers['X-MS-APIM-Tokens']))['$ConnectionKey']","type":"Raw"}}},"Set_NextCommentsAPI_variable_for_next_30_comments":{"runAfter":{"Check_empty_comments":["Succeeded"]},"metadata":{"operationMetadataId":"cc23ed7c-0c14-4ac1-ab23-5ef74b07eb6c"},"type":"SetVariable","inputs":{"name":"NextCommentsAPI","value":"@outputs('REST_API_Call_to_fetch_comments')?['body/d/__next']"}},"Compose_comments":{"runAfter":{"REST_API_Call_to_fetch_comments":["Succeeded"]},"metadata":{"operationMetadataId":"05bb0ac4-c03c-48ae-b80b-b6d6bba956cf"},"type":"Compose","inputs":"@outputs('REST_API_Call_to_fetch_comments')?['body/d/results']","description":"@outputs('REST_API_Call_to_fetch_comments')?['body/d/results']"},"Check_empty_comments":{"actions":{"Loop_through_comments_to_build_comment_string":{"foreach":"@outputs('Compose_comments')","actions":{"Check_mentions_in_comments":{"actions":{"Set_CommentMentions_variable":{"metadata":{"operationMetadataId":"ca531dad-6454-4a5d-a664-bc886c7a1952"},"type":"SetVariable","inputs":{"name":"CommentMentions","value":"@{items('Loop_through_comments_to_build_comment_string')?['text']}"},"description":"items('Loop_through_comments_to_build_comment_string')?['text']"},"Loop_through_mentions_to_update_comment_string":{"foreach":"@items('Loop_through_comments_to_build_comment_string')?['mentions/results']","actions":{"Increment_MentionId_variable":{"metadata":{"operationMetadataId":"78325164-79e8-44ac-bcf9-50e6e825be47"},"type":"IncrementVariable","inputs":{"name":"MentionId","value":1}},"Replace_mentions_in_comment":{"runAfter":{"Increment_MentionId_variable":["Succeeded"]},"metadata":{"operationMetadataId":"fd841989-a3a5-4069-8a4b-a727783ed6f2"},"type":"SetVariable","inputs":{"name":"TempMentions","value":"@{replace(variables('CommentMentions'),concat('&#123;',variables('MentionId'),'&#125;'),concat('{',items('Loop_through_mentions_to_update_comment_string')?['email'],'}'))}"},"description":"replace(variables('CommentMentions'),concat('&#123;',variables('MentionId'),'&#125;'),concat('{',items('Loop_through_mentions_to_update_comment_string')?['email'],'}'))"},"Update_mention_for_replacement_in_next_loop":{"runAfter":{"Replace_mentions_in_comment":["Succeeded"]},"metadata":{"operationMetadataId":"66892f1a-7e4e-47d9-a6fb-0ae1a49fa6c5"},"type":"SetVariable","inputs":{"name":"CommentMentions","value":"@variables('TempMentions')"}}},"runAfter":{"Reset_MentionId_variable_for_new_comment":["Succeeded"]},"metadata":{"operationMetadataId":"b1439393-f665-41f9-857f-e29fd15da5a9"},"type":"Foreach"},"Append_new_comment_to_ItemComments_(with_comments)":{"runAfter":{"Loop_through_mentions_to_update_comment_string":["Succeeded"]},"metadata":{"operationMetadataId":"dea3a140-d856-4736-84bc-eefffa30f92e"},"type":"AppendToStringVariable","inputs":{"name":"ItemComments","value":"@{variables('CommentMentions')} - Commented by @{items('Loop_through_comments_to_build_comment_string')?['author/email']} on @{items('Loop_through_comments_to_build_comment_string')?['createdDate']}"},"description":"@{variables('CommentMentions')} - Commented by @{items('Loop_through_comments_to_build_comment_string')?['author/email']} on @{items('Loop_through_comments_to_build_comment_string')?['createdDate']}"},"Reset_MentionId_variable_for_new_comment":{"runAfter":{"Set_CommentMentions_variable":["Succeeded"]},"type":"SetVariable","inputs":{"name":"MentionId","value":-1}}},"else":{"actions":{"Append_new_comment_to_ItemComments":{"metadata":{"operationMetadataId":"6cb24ebd-8052-4690-9389-eb6599c0a5d8"},"type":"AppendToStringVariable","inputs":{"name":"ItemComments","value":" @{items('Loop_through_comments_to_build_comment_string')?['Text']} - Commented by @{items('Loop_through_comments_to_build_comment_string')?['author/email']} on@{items('Loop_through_comments_to_build_comment_string')?['createdDate']}"},"description":"@{items('Loop_through_comments_to_build_comment_string')?['Text']} - Commented by @{items('Loop_through_comments_to_build_comment_string')?['author/email']} on @{items('Loop_through_comments_to_build_comment_string')?['createdDate']}"}}},"expression":{"greater":["@length(items('Loop_through_comments_to_build_comment_string')?['mentions/results'])",0]},"metadata":{"operationMetadataId":"3a4d7874-cd18-45c7-99a6-a68d8e99e941"},"type":"If","description":"length(items('Loop_through_comments_to_build_comment_string')?['mentions/results'])"}},"runAfter":{"Check_if_ItemComments_needs_to_be_reset":["Succeeded"]},"metadata":{"operationMetadataId":"83160830-6b69-46aa-ae15-6ec2c6133c93"},"type":"Foreach","description":"outputs('Compose_comments')"},"Check_if_ItemComments_needs_to_be_reset":{"actions":{"Reset_ItemComments_to_Null":{"metadata":{"operationMetadataId":"48093533-5e7c-4a85-9646-afeb2593467a"},"type":"SetVariable","inputs":{"name":"ItemComments","value":"@{null}"}}},"else":{"actions":{}},"expression":{"and":[{"equals":["@variables('FetchCommentsCounter')",0]}]},"type":"If"}},"runAfter":{"Compose_comments":["Succeeded"]},"else":{"actions":{"Set_ItemComments_to_No_Comments":{"metadata":{"operationMetadataId":"cd21f118-1338-43ba-bf2f-7ee62041e76a"},"type":"SetVariable","inputs":{"name":"ItemComments","value":"No Comments"}}}},"expression":{"greater":["@length(outputs('Compose_comments'))",0]},"metadata":{"operationMetadataId":"e23ad347-7d06-4577-b46a-c3cb71841c02"},"type":"If"},"Increment_FetchCommentsCounter_variable":{"runAfter":{"Set_NextCommentsAPI_variable_for_next_30_comments":["Succeeded"]},"type":"IncrementVariable","inputs":{"name":"FetchCommentsCounter","value":1},"description":"Incremented by 1 so incase there more than 30 comments ItemComments variable does not reset to null"}},"runAfter":{"Reset_FetchCommentCounter_variable_to_0":["Succeeded"]},"expression":"@equals(length(variables('NextCommentsAPI')),0)","limit":{"count":3,"timeout":"PT1H"},"metadata":{"operationMetadataId":"077b20d4-3588-4dcb-bc63-ef20557b5bd8"},"type":"Until"},"Set_NextCommentsAPI_variable_for_first_30_comments":{"metadata":{"operationMetadataId":"cc23ed7c-0c14-4ac1-ab23-5ef74b07eb6c"},"type":"SetVariable","inputs":{"name":"NextCommentsAPI","value":"_api/web/lists/getbyid('a357e613-01da-44e3-823e-152ce952de1b')/items(@{items('Loop_through_items_for_comments')?['ID']})/comments"}},"Reset_FetchCommentCounter_variable_to_0":{"runAfter":{"Set_NextCommentsAPI_variable_for_first_30_comments":["Succeeded"]},"type":"SetVariable","inputs":{"name":"FetchCommentsCounter","value":0}}},"runAfter":{"Get_items":["Succeeded"]},"metadata":{"operationMetadataId":"7d4aafb5-e192-4353-9a39-93cea59af501"},"type":"Foreach"},"Initialize_CommentMentions_variable":{"runAfter":{"Initialize_ItemComments_variable":["Succeeded"]},"metadata":{"operationMetadataId":"ce189179-406e-4f84-ab90-24149a10c6e8"},"type":"InitializeVariable","inputs":{"variables":[{"name":"CommentMentions","type":"string"}]}},"Initialize_TempMentions_variable":{"runAfter":{"Initialize_CommentMentions_variable":["Succeeded"]},"metadata":{"operationMetadataId":"29ae454d-3838-42c5-9c0a-90c0fecbaa0f"},"type":"InitializeVariable","inputs":{"variables":[{"name":"TempMentions","type":"string"}]}},"Initialize_MentionId_variable":{"runAfter":{"Initialize_TempMentions_variable":["Succeeded"]},"metadata":{"operationMetadataId":"47fbcc2a-0040-4a1e-b7a2-95d1689bac3c"},"type":"InitializeVariable","inputs":{"variables":[{"name":"MentionId","type":"integer","value":-1}]}},"Initialize_ExcelTableData_variable":{"runAfter":{"Initialize_MentionId_variable":["Succeeded"]},"metadata":{"operationMetadataId":"ffa91ee7-1e83-48e5-a36a-a3021c63fffc"},"type":"InitializeVariable","inputs":{"variables":[{"name":"ExcelTableData","type":"array"}]}},"Create_CSV_table":{"runAfter":{"Loop_through_items_for_comments":["Succeeded"]},"metadata":{"operationMetadataId":"50c7c869-a16f-4a05-9f0e-47b01d573dc2"},"type":"Table","inputs":{"from":"@variables('ExcelTableData')","format":"CSV"}},"Create_an_excel_file":{"runAfter":{"Create_CSV_table":["Succeeded"]},"metadata":{"operationMetadataId":"45e5d76e-9053-467f-8a51-cd0d0f992e41"},"type":"OpenApiConnection","inputs":{"parameters":{"dataset":"@variables('SPSiteUrl')","folderPath":"/Shared Documents","name":"ExportedComments_@{formatDateTime(utcNow(),'MMM_dd_yyyy_HH_m_ss')}.csv","body":"@body('Create_CSV_table')"},"host":{"apiId":"/providers/Microsoft.PowerApps/apis/shared_sharepointonline","connectionName":"shared_sharepointonline","operationId":"CreateFile"},"authentication":{"value":"@json(decodeBase64(triggerOutputs().headers['X-MS-APIM-Tokens']))['$ConnectionKey']","type":"Raw"}},"description":"ExportedComments_@{formatDateTime(utcNow(),'MMM_dd_yyyy_HH_m_ss')}.csv","runtimeConfiguration":{"contentTransfer":{"transferMode":"Chunked"}}},"Initialize_SPSiteUrl_variable":{"runAfter":{"Initialize_ExcelTableData_variable":["Succeeded"]},"metadata":{"operationMetadataId":"a0c96f1e-686f-419a-9c01-fc5798ec8c31"},"type":"InitializeVariable","inputs":{"variables":[{"name":"SPSiteUrl","type":"string","value":"https://lnl6.sharepoint.com/sites/NewBlankCommunicationSite"}]}},"Initialize_NextCommentsAPI_variable":{"runAfter":{"Initialize_SPSiteUrl_variable":["Succeeded"]},"metadata":{"operationMetadataId":"d2514cfc-9eae-4dca-8f6a-f44016db9868"},"type":"InitializeVariable","inputs":{"variables":[{"name":"NextCommentsAPI","type":"string"}]}},"Initialize_variable":{"runAfter":{"Initialize_NextCommentsAPI_variable":["Succeeded"]},"type":"InitializeVariable","inputs":{"variables":[{"name":"FetchCommentsCounter","type":"integer","value":0}]}}},"description":""},"connectionReferences":{"shared_sharepointonline":{"connectionName":"b7cfc0e1288b472a956ff132b6b05e5c","source":"Invoker","id":"/providers/Microsoft.PowerApps/apis/shared_sharepointonline","tier":"NotSpecified"}},"flowFailureAlertSubscribed":false,"isManaged":false}}